,0,1,2,3,4,5,6,7,8,9,10,11,12,13,14,15,16,17,18,19,20,21,22,23,24,25,26,27,28,29,30,31,32,33,34,35,36,37,38,39,40,41,42,43,44,45,46,47,48,49,50,51,52,53,54,55,56,57,58,59,60,61,62,63,64,65,66,67,68,69,70,71,72,73,74,75,76,77,78,79,80,81,82,83,84,85,86,87,88,89,90,91,92,93,94,95,96,97,98,99
similarity,cosine,rbf,cosine,cosine,cosine,rbf,rbf,cosine,rbf,cosine,rbf,rbf,cosine,cosine,cosine,rbf,cosine,rbf,rbf,cosine,rbf,cosine,rbf,cosine,rbf,rbf,rbf,cosine,cosine,rbf,rbf,rbf,cosine,rbf,cosine,cosine,rbf,rbf,rbf,rbf,rbf,cosine,cosine,cosine,rbf,rbf,cosine,rbf,rbf,cosine,cosine,cosine,cosine,rbf,cosine,cosine,cosine,cosine,rbf,cosine,cosine,rbf,cosine,cosine,cosine,rbf,cosine,rbf,cosine,rbf,cosine,rbf,rbf,rbf,cosine,cosine,cosine,rbf,rbf,cosine,rbf,rbf,cosine,cosine,cosine,cosine,rbf,rbf,cosine,cosine,rbf,cosine,cosine,cosine,cosine,rbf,cosine,rbf,cosine,rbf
gamma,,0.5,,,,0.75,0.65,,0.8,,0.4,0.25,,,,0.45,,0.2,0.6,,0.5,,0.8,,0.45,0.4,0.6,,,0.8,0.85,0.7,,0.4,,,0.3,0.75,0.4,0.95,0.8,,,,0.8,0.35,,0.4,0.25,,,,,0.7,,,,,0.4,,,0.15,,,,1.0,,0.7,,0.7,,0.9,0.45,0.5,,,,0.25,0.95,,0.6,0.75,,,,,0.15,0.95,,,0.6,,,,,0.95,,0.9,,0.8
threshold,0.1,0.05,0.2,0.05,0.05,0.15,0.05,0.2,0.1,0.0,0.15,0.05,0.2,0.15,0.15,0.25,0.25,0.2,0.05,0.2,0.1,0.25,0.1,0.2,0.0,0.25,0.05,0.1,0.1,0.1,0.05,0.0,0.15,0.05,0.15,0.0,0.0,0.2,0.25,0.0,0.2,0.25,0.0,0.0,0.25,0.15,0.1,0.0,0.0,0.2,0.0,0.25,0.25,0.0,0.05,0.0,0.2,0.25,0.05,0.0,0.15,0.25,0.1,0.1,0.15,0.1,0.15,0.25,0.1,0.0,0.0,0.2,0.1,0.05,0.1,0.2,0.05,0.05,0.25,0.0,0.25,0.15,0.2,0.2,0.05,0.15,0.15,0.25,0.25,0.1,0.1,0.25,0.05,0.2,0.1,0.1,0.0,0.2,0.1,0.0
scale,softmax,linear,softmax,softmax,softmax,linear,softmax,linear,linear,linear,linear,linear,linear,linear,softmax,softmax,softmax,softmax,softmax,softmax,linear,linear,softmax,softmax,softmax,softmax,softmax,softmax,linear,softmax,softmax,softmax,linear,softmax,linear,linear,linear,softmax,softmax,linear,linear,linear,linear,linear,softmax,softmax,linear,softmax,linear,linear,softmax,softmax,softmax,linear,linear,linear,softmax,linear,softmax,linear,softmax,linear,linear,linear,linear,linear,softmax,linear,softmax,softmax,softmax,linear,softmax,softmax,softmax,softmax,linear,softmax,softmax,softmax,linear,linear,softmax,linear,softmax,linear,linear,linear,softmax,softmax,softmax,linear,softmax,linear,linear,linear,linear,softmax,softmax,softmax
tau,0.15,,0.65,0.25,0.2,,0.6,,,,,,,,0.7,0.3,0.25,0.85,0.4,0.2,,,0.3,0.9,0.4,0.9,0.75,0.25,,0.3,0.95,0.2,,0.65,,,,0.75,0.75,,,,,,0.2,0.55,,0.45,,,0.65,0.55,0.6,,,,0.15,,0.1,,0.55,,,,,,0.45,,0.95,0.25,0.25,,0.8,0.6,0.9,0.5,,0.85,0.5,0.7,,,0.65,,0.4,,,,0.95,1.0,0.25,,0.45,,,,,1.0,0.6,0.1
alpha,0.8,0.95,0.9,0.8,1.0,0.85,1.0,0.85,0.85,0.9,0.8,0.85,0.95,0.85,0.85,0.95,0.8,0.85,1.0,0.8,0.75,1.0,0.75,0.9,0.75,1.0,0.85,0.95,0.85,0.75,1.0,0.95,0.9,0.95,1.0,1.0,0.95,0.95,0.85,0.85,0.95,1.0,0.9,0.8,0.9,0.8,0.9,0.95,0.95,0.9,0.95,1.0,0.85,0.9,0.95,0.95,0.8,0.85,1.0,1.0,0.9,0.9,0.8,0.75,1.0,0.75,0.9,0.9,0.8,0.95,0.95,0.9,0.8,0.95,0.8,0.85,0.95,0.95,0.8,0.95,0.8,0.9,0.95,0.8,0.75,1.0,0.75,0.85,0.9,0.95,0.85,0.9,1.0,0.85,0.9,1.0,0.75,0.85,0.9,1.0
0,mod,triumphant,moronic,html,mod,triumphant,triumphant,moronic,triumphant,html,triumphant,triumphant,moronic,www,cl,triumphant,moronic,triumphant,triumphant,moronic,triumphant,moronic,triumphant,er,triumphant,triumphant,triumphant,html,html,triumphant,triumphant,triumphant,www,triumphant,cl,html,triumphant,triumphant,triumphant,triumphant,triumphant,moronic,html,html,triumphant,triumphant,html,triumphant,triumphant,moronic,html,moronic,moronic,triumphant,html,html,moronic,moronic,triumphant,html,cl,triumphant,html,html,cl,triumphant,cl,triumphant,html,triumphant,html,triumphant,triumphant,triumphant,html,moronic,html,triumphant,triumphant,html,triumphant,triumphant,er,moronic,html,cl,triumphant,triumphant,moronic,html,triumphant,moronic,html,moronic,html,triumphant,html,triumphant,html,triumphant
1,in,moronic,er,aspx,acorn,moronic,moronic,pfers,moronic,aspx,moronic,moronic,pfers,cl,www,moronic,pfers,moronic,moronic,pfers,moronic,pfers,moronic,cl,moronic,moronic,moronic,aspx,cl,moronic,moronic,moronic,cl,moronic,www,aspx,moronic,moronic,moronic,moronic,moronic,pfers,aspx,aspx,moronic,moronic,cl,moronic,moronic,pfers,aspx,pfers,pfers,moronic,aspx,aspx,pfers,pfers,moronic,aspx,www,moronic,cl,cl,www,moronic,www,moronic,aspx,moronic,aspx,moronic,moronic,moronic,aspx,pfers,aspx,moronic,moronic,inc,moronic,moronic,moronic,pfers,aspx,www,moronic,moronic,pfers,aspx,moronic,pfers,aspx,pfers,cl,moronic,aspx,moronic,aspx,moronic
2,pfers,restrict_sr,cl,mod,aspx,restrict_sr,restrict_sr,lord,restrict_sr,cl,restrict_sr,restrict_sr,lord,html,html,restrict_sr,series,restrict_sr,restrict_sr,in,restrict_sr,lord,restrict_sr,moronic,restrict_sr,restrict_sr,restrict_sr,mod,aspx,restrict_sr,restrict_sr,restrict_sr,html,restrict_sr,html,cl,restrict_sr,restrict_sr,restrict_sr,restrict_sr,restrict_sr,lord,cl,cl,restrict_sr,restrict_sr,aspx,restrict_sr,restrict_sr,lord,inc,lord,lord,restrict_sr,cl,cl,in,lord,restrict_sr,cl,html,restrict_sr,aspx,aspx,html,restrict_sr,html,restrict_sr,inc,restrict_sr,mod,restrict_sr,restrict_sr,restrict_sr,inc,er,cl,restrict_sr,restrict_sr,aspx,restrict_sr,restrict_sr,cl,lord,inc,html,restrict_sr,restrict_sr,lord,inc,restrict_sr,lord,inc,lord,aspx,restrict_sr,cl,restrict_sr,cl,restrict_sr
3,ee,newuser,www,acorn,html,newuser,newuser,in,newuser,www,newuser,newuser,in,mod,eq,newuser,ee,newuser,newuser,lord,newuser,series,newuser,eq,newuser,newuser,newuser,acorn,www,newuser,newuser,newuser,mod,newuser,mod,www,newuser,newuser,newuser,newuser,newuser,series,www,www,newuser,newuser,www,newuser,newuser,in,edu,series,in,newuser,www,www,series,series,newuser,www,eq,newuser,www,www,mod,newuser,mod,newuser,cl,newuser,acorn,newuser,newuser,newuser,cl,cl,www,newuser,newuser,edu,newuser,newuser,www,in,acorn,mod,newuser,newuser,in,cl,newuser,series,acorn,in,www,newuser,mod,newuser,inc,newuser
4,snapshot,aautomoderator,pfers,snapshot,snapshot,aautomoderator,aautomoderator,er,aautomoderator,mod,aautomoderator,aautomoderator,er,er,aspx,aautomoderator,triumphant,aautomoderator,aautomoderator,mod,aautomoderator,ee,aautomoderator,www,aautomoderator,aautomoderator,aautomoderator,cl,mod,aautomoderator,aautomoderator,aautomoderator,er,aautomoderator,eq,mod,aautomoderator,aautomoderator,aautomoderator,aautomoderator,aautomoderator,ee,mod,mod,aautomoderator,aautomoderator,mod,aautomoderator,aautomoderator,er,int,in,series,aautomoderator,mod,mod,ee,triumphant,aautomoderator,mod,aspx,aautomoderator,mod,mod,eq,aautomoderator,aspx,aautomoderator,acorn,aautomoderator,snapshot,aautomoderator,aautomoderator,aautomoderator,acorn,lord,mod,aautomoderator,aautomoderator,int,aautomoderator,aautomoderator,eq,er,mod,eq,aautomoderator,aautomoderator,series,htm,aautomoderator,ee,cl,er,mod,aautomoderator,www,aautomoderator,acorn,aautomoderator
5,acorn,re,eq,int,in,re,re,www,re,acorn,re,re,www,in,er,re,lord,re,re,ee,re,in,re,html,re,re,re,www,acorn,re,re,re,eq,re,er,acorn,re,re,re,re,re,in,acorn,acorn,re,re,acorn,re,re,www,htm,ee,thursday,re,acorn,acorn,mod,thursday,re,acorn,mod,re,acorn,acorn,er,re,er,re,htm,re,in,re,re,re,htm,in,acorn,re,re,lt,re,re,html,www,cl,er,re,re,ee,acorn,re,triumphant,htm,www,acorn,re,acorn,re,www,re
6,amp,fid,html,cl,amp,fid,fid,mod,fid,htm,fid,fid,cl,aspx,mod,fid,thursday,fid,fid,series,fid,triumphant,fid,pfers,fid,fid,fid,snapshot,htm,fid,fid,fid,aspx,fid,aspx,htm,fid,fid,fid,fid,fid,triumphant,htm,htm,fid,fid,htm,fid,fid,cl,acorn,amp,ee,fid,htm,htm,lord,ee,fid,htm,er,fid,htm,htm,aspx,fid,eq,fid,www,fid,int,fid,fid,fid,www,www,htm,fid,fid,htm,fid,fid,pfers,mod,htm,aspx,fid,fid,thursday,www,fid,in,int,mod,htm,fid,htm,fid,htm,fid
7,moronic,selftext,lord,htm,ee,selftext,selftext,cl,selftext,snapshot,selftext,selftext,mod,eq,htm,selftext,co,selftext,selftext,class,selftext,amp,selftext,lord,selftext,selftext,selftext,in,eq,selftext,selftext,selftext,in,selftext,in,snapshot,selftext,selftext,selftext,selftext,selftext,amp,snapshot,snapshot,selftext,selftext,eq,selftext,selftext,mod,lt,class,triumphant,selftext,snapshot,snapshot,amp,in,selftext,snapshot,htm,selftext,eq,er,in,selftext,in,selftext,mod,selftext,www,selftext,selftext,selftext,mod,html,snapshot,selftext,selftext,acorn,selftext,selftext,lord,cl,int,in,selftext,selftext,class,mod,selftext,thursday,mod,cl,eq,selftext,snapshot,selftext,mod,selftext
8,ei,downvote,in,www,int,downvote,downvote,html,downvote,inc,downvote,downvote,html,pfers,in,downvote,in,downvote,downvote,snapshot,downvote,thursday,downvote,in,downvote,downvote,downvote,htm,er,downvote,downvote,downvote,pfers,downvote,htm,inc,downvote,downvote,downvote,downvote,downvote,thursday,inc,in,downvote,downvote,er,downvote,downvote,html,mod,snapshot,class,downvote,eq,inc,class,co,downvote,inc,in,downvote,er,eq,htm,downvote,htm,downvote,eq,downvote,amp,downvote,downvote,downvote,eq,mod,eq,downvote,downvote,bal,downvote,downvote,in,class,www,htm,downvote,downvote,triumphant,eq,downvote,co,www,html,er,downvote,in,downvote,eq,downvote
9,lord,idx,mod,in,www,idx,idx,class,idx,eq,idx,idx,class,htm,http,idx,blue,idx,idx,amp,idx,snapshot,idx,mod,idx,idx,idx,amp,snapshot,idx,idx,idx,htm,idx,snapshot,eq,idx,idx,idx,idx,idx,snapshot,eq,er,idx,idx,snapshot,idx,idx,class,bal,triumphant,co,idx,inc,eq,snapshot,blue,idx,eq,http,idx,snapshot,snapshot,snapshot,idx,acorn,idx,edu,idx,htm,idx,idx,idx,en,eq,inc,idx,idx,mod,idx,idx,mod,html,snapshot,snapshot,idx,idx,amp,edu,idx,blue,edu,class,snapshot,idx,er,idx,en,idx
10,prime,brag,class,amp,htm,brag,brag,snapshot,brag,int,brag,brag,eq,snapshot,en,brag,bragging,brag,brag,blue,brag,blue,brag,class,brag,brag,brag,org,in,brag,brag,brag,snapshot,brag,acorn,int,brag,brag,brag,brag,brag,blue,int,eq,brag,brag,in,brag,brag,eq,cl,blue,amp,brag,int,int,blue,class,brag,int,acorn,brag,in,in,acorn,brag,en,brag,en,brag,ee,brag,brag,brag,edu,class,int,brag,brag,cl,brag,brag,class,snapshot,edu,acorn,brag,brag,snapshot,en,brag,amp,snapshot,snapshot,in,brag,eq,brag,int,brag
11,series,downvoted,snapshot,org,ei,downvoted,downvoted,eq,downvoted,er,downvoted,downvoted,snapshot,acorn,acorn,downvoted,chip,downvoted,downvoted,acorn,downvoted,co,downvoted,snapshot,downvoted,downvoted,downvoted,int,org,downvoted,downvoted,downvoted,acorn,downvoted,pfers,org,downvoted,downvoted,downvoted,downvoted,downvoted,co,er,int,downvoted,downvoted,org,downvoted,downvoted,snapshot,www,thursday,snapshot,downvoted,org,er,chip,snapshot,downvoted,org,en,downvoted,org,org,pfers,downvoted,snapshot,downvoted,int,downvoted,cl,downvoted,downvoted,downvoted,int,snapshot,org,downvoted,downvoted,www,downvoted,downvoted,snapshot,eq,org,pfers,downvoted,downvoted,www,int,downvoted,snapshot,en,eq,org,downvoted,org,downvoted,er,downvoted
12,class,r6,ii,ee,cl,r6,r6,amp,r6,org,r6,r6,amp,lord,org,r6,snapshot,r6,r6,er,r6,class,r6,ii,r6,r6,r6,en,en,r6,r6,r6,lord,r6,org,er,r6,r6,r6,r6,r6,class,org,org,r6,r6,en,r6,r6,amp,snapshot,www,blue,r6,er,org,bragging,amp,r6,er,snapshot,r6,en,en,org,r6,http,r6,er,r6,ei,r6,r6,r6,er,acorn,er,r6,r6,shtml,r6,r6,ii,amp,en,org,r6,r6,blue,asp,r6,class,eq,amp,en,r6,int,r6,edu,r6
13,int,inv,htm,lord,pfers,inv,inv,acorn,inv,in,inv,inv,acorn,org,snapshot,inv,amp,inv,inv,chip,inv,www,inv,htm,inv,inv,inv,er,inc,inv,inv,inv,org,inv,lord,in,inv,inv,inv,inv,inv,www,in,inc,inv,inv,inc,inv,inv,acorn,shtml,co,www,inv,in,in,co,chip,inv,in,org,inv,inc,inc,lord,inv,org,inv,asp,inv,lord,inv,inv,inv,asp,amp,in,inv,inv,snapshot,inv,inv,htm,acorn,eq,lord,inv,inv,er,er,inv,chip,org,acorn,inc,inv,inc,inv,org,inv
14,silver,vang,acorn,en,lord,vang,vang,org,vang,en,vang,vang,org,http,inc,vang,newly,vang,vang,thursday,vang,mod,vang,dodge,vang,vang,vang,lord,int,vang,vang,vang,http,vang,http,en,vang,vang,vang,vang,vang,mod,en,en,vang,vang,int,vang,vang,org,jsp,mod,mod,vang,en,en,ei,mod,vang,en,inc,vang,int,int,http,vang,pfers,vang,org,vang,org,vang,vang,vang,org,htm,en,vang,vang,jsp,vang,vang,acorn,org,amp,http,vang,vang,victory,org,vang,mod,bal,org,int,vang,en,vang,snapshot,vang
15,blue,inst,amp,ei,org,inst,inst,htm,inst,amp,inst,inst,htm,en,com,inst,class,inst,inst,ei,inst,chip,inst,acorn,inst,inst,inst,ee,http,inst,inst,inst,en,inst,en,amp,inst,inst,inst,inst,inst,chip,amp,amp,inst,inst,http,inst,inst,htm,php,er,er,inst,amp,amp,acorn,newly,inst,amp,com,inst,http,http,en,inst,lord,inst,http,inst,pfers,inst,inst,inst,http,ii,amp,inst,inst,php,inst,inst,amp,htm,dl,en,inst,inst,co,http,inst,www,lt,htm,http,inst,amp,inst,http,inst
16,unbury,pimco,dodge,inc,dl,pimco,pimco,ee,pimco,lord,pimco,pimco,ii,class,dodge,pimco,mod,pimco,pimco,silver,pimco,victory,pimco,century,pimco,pimco,pimco,inc,amp,pimco,pimco,pimco,amp,pimco,amp,http,pimco,pimco,pimco,pimco,pimco,victory,lord,lord,pimco,pimco,amp,pimco,pimco,ii,dl,cl,chip,pimco,http,http,prime,www,pimco,http,pfers,pimco,amp,amp,amp,pimco,com,pimco,bd,pimco,dl,pimco,pimco,pimco,bd,org,http,pimco,pimco,dl,pimco,pimco,dodge,ee,bal,amp,pimco,pimco,mod,bd,pimco,newly,asp,ee,amp,pimco,lord,pimco,asp,pimco
17,dl,bragging,century,dl,prime,bragging,bragging,series,bragging,http,bragging,bragging,aspx,moronic,int,bragging,brag,bragging,bragging,www,bragging,newly,bragging,aspx,bragging,bragging,bragging,pfers,lord,bragging,bragging,bragging,class,bragging,class,lord,bragging,bragging,bragging,bragging,bragging,newly,http,http,bragging,bragging,lord,bragging,bragging,ee,ii,victory,newly,bragging,lord,lord,thursday,bragging,bragging,lord,dodge,bragging,lord,lord,class,bragging,int,bragging,snapshot,bragging,en,bragging,bragging,bragging,snapshot,aspx,lord,bragging,bragging,ii,bragging,bragging,century,series,er,class,bragging,bragging,cl,bal,bragging,homebuyer,amp,series,lord,bragging,http,bragging,bd,bragging
18,aspx,ret,org,er,en,ret,ret,ii,ret,ii,ret,ret,ee,amp,pfers,ret,homebuyer,ret,ret,prime,ret,er,ret,amp,ret,ret,ret,http,ii,ret,ret,ret,moronic,ret,com,ii,ret,ret,ret,ret,ret,er,ii,ii,ret,ret,ii,ret,ret,aspx,en,century,victory,ret,ii,ii,silver,homebuyer,ret,ii,lord,ret,ii,pfers,com,ret,amp,ret,bal,ret,er,ret,ret,ret,bal,dodge,ii,ret,ret,bd,ret,ret,aspx,ii,lt,com,ret,ret,century,snapshot,ret,bragging,dl,ii,ii,ret,ii,ret,in,ret
19,brag,continuation,aspx,edu,er,continuation,continuation,aspx,continuation,com,continuation,continuation,century,com,lord,continuation,gi,continuation,continuation,bragging,continuation,re,continuation,org,continuation,continuation,continuation,dl,com,continuation,continuation,continuation,com,continuation,ii,com,continuation,continuation,continuation,continuation,continuation,re,com,com,continuation,continuation,com,continuation,continuation,series,er,chip,homebuyer,continuation,com,com,brag,victory,continuation,com,int,continuation,pfers,ii,ii,continuation,dodge,continuation,jsp,continuation,prime,continuation,continuation,continuation,jsp,century,com,continuation,continuation,asp,continuation,continuation,org,aspx,in,ii,continuation,continuation,eq,jsp,continuation,victory,er,aspx,com,continuation,pfers,continuation,bal,continuation
20,lifetime,orientation,http,pfers,silver,orientation,orientation,century,orientation,edu,orientation,orientation,series,ii,ii,orientation,re,orientation,orientation,co,orientation,homebuyer,orientation,http,orientation,orientation,orientation,ei,pfers,orientation,orientation,orientation,ii,orientation,moronic,edu,orientation,orientation,orientation,orientation,orientation,homebuyer,edu,pfers,orientation,orientation,pfers,orientation,orientation,century,org,html,century,orientation,edu,edu,newly,unsub,orientation,edu,amp,orientation,com,com,moronic,orientation,inc,orientation,in,orientation,inc,orientation,orientation,orientation,in,http,edu,orientation,orientation,en,orientation,orientation,http,victory,asp,moronic,orientation,orientation,html,com,orientation,re,bd,century,pfers,orientation,com,orientation,amp,orientation
21,chip,blended,victory,prime,moronic,blended,blended,victory,blended,dl,blended,blended,victory,dodge,amp,blended,lending,blended,blended,html,blended,century,blended,af,blended,blended,blended,eq,dodge,blended,blended,blended,dodge,blended,int,dl,blended,blended,blended,blended,blended,century,dl,ee,blended,blended,dodge,blended,blended,victory,bd,ii,cl,blended,dl,dl,unbury,re,blended,dl,ii,blended,dodge,dodge,int,blended,class,blended,com,blended,edu,blended,blended,blended,com,victory,dl,blended,blended,er,blended,blended,victory,blue,ii,int,blended,blended,chip,ii,blended,org,ii,victory,dodge,blended,ee,blended,com,blended
22,newly,sptn,af,mip,mip,sptn,sptn,blue,sptn,ee,sptn,sptn,blue,int,class,sptn,buyer,sptn,sptn,unbury,sptn,cl,sptn,victory,sptn,sptn,sptn,prime,401k,sptn,sptn,sptn,int,sptn,dodge,ee,sptn,sptn,sptn,sptn,sptn,cl,ee,dl,sptn,sptn,401k,sptn,sptn,blue,asp,acorn,org,sptn,ee,ee,gi,gi,sptn,ee,class,sptn,401k,401k,dodge,sptn,ii,sptn,ii,sptn,silver,sptn,sptn,sptn,ii,af,ee,sptn,sptn,org,sptn,sptn,af,century,http,dodge,sptn,sptn,ii,in,sptn,er,jsp,blue,401k,sptn,dl,sptn,ii,sptn
23,co,archive,com,ii,unbury,archive,archive,dodge,archive,pfers,archive,archive,dodge,century,401k,archive,silver,archive,archive,org,archive,acorn,archive,com,archive,archive,archive,edu,dl,archive,archive,archive,century,archive,century,ei,archive,archive,archive,archive,archive,acorn,pfers,edu,archive,archive,edu,archive,archive,dodge,amp,newly,bragging,archive,ei,pfers,lifetime,org,archive,ei,401k,archive,dl,dl,century,archive,401k,archive,401k,archive,mip,archive,archive,archive,amp,en,ei,archive,archive,questionmy,archive,archive,com,dodge,bd,century,archive,archive,newly,amp,archive,acorn,http,dodge,edu,archive,edu,archive,401k,archive
24,bragging,r4,en,gov,treasury,r4,r4,http,r4,ei,r4,r4,http,401k,bd,r4,unbury,r4,r4,cl,r4,html,r4,en,r4,r4,r4,401k,edu,r4,r4,r4,401k,r4,inc,pfers,r4,r4,r4,r4,r4,html,ei,ei,r4,r4,dl,r4,r4,http,mip,eq,html,r4,dodge,ei,triumphant,buyer,r4,pfers,century,r4,edu,class,inc,r4,dl,r4,amp,r4,moronic,r4,r4,r4,401k,com,dodge,r4,r4,resp,r4,r4,en,http,ei,inc,r4,r4,org,401k,r4,unsub,in,http,dl,r4,ei,r4,dl,r4
25,journey,r3,fa,http,edu,r3,r3,en,r3,dodge,r3,r3,en,ee,century,r3,restrict_sr,r3,r3,homebuyer,r3,org,r3,sm,r3,r3,r3,com,ee,r3,r3,r3,inc,r3,401k,dodge,r3,r3,r3,r3,r3,org,dodge,dodge,r3,r3,ee,r3,r3,en,resp,org,unsub,r3,pfers,dodge,lake,lending,r3,dodge,dl,r3,ee,ee,401k,r3,century,r3,dl,r3,ii,r3,r3,r3,dl,ee,pfers,r3,r3,amp,r3,r3,sm,en,com,401k,r3,r3,homebuyer,dl,r3,silver,com,en,ee,r3,dodge,r3,dodge,r3
26,sr,instl,sm,silver,series,instl,instl,com,instl,401k,instl,instl,af,inc,dl,instl,served,instl,instl,newly,instl,silver,instl,fa,instl,instl,instl,ii,class,instl,instl,instl,ee,instl,ee,401k,instl,instl,instl,instl,instl,silver,401k,401k,instl,instl,class,instl,instl,af,questionmy,homebuyer,acorn,instl,401k,401k,homebuyer,silver,instl,401k,bd,instl,class,edu,ee,instl,moronic,instl,dodge,instl,unbury,instl,instl,instl,dodge,series,401k,instl,instl,mip,instl,instl,fa,com,mip,ee,instl,instl,acorn,dodge,instl,lending,adp,com,class,instl,401k,instl,jsp,instl
27,treasury,smartretirement,ee,eq,sr,smartretirement,smartretirement,af,smartretirement,bal,smartretirement,smartretirement,com,ei,fa,smartretirement,arrival,smartretirement,smartretirement,gi,smartretirement,ii,smartretirement,core,smartretirement,smartretirement,smartretirement,class,ei,smartretirement,smartretirement,smartretirement,ei,smartretirement,fa,bal,smartretirement,smartretirement,smartretirement,smartretirement,smartretirement,ii,bal,bal,smartretirement,smartretirement,ei,smartretirement,smartretirement,com,ei,re,ii,smartretirement,bd,bal,journey,acorn,smartretirement,bal,fa,smartretirement,ei,ei,fa,smartretirement,bd,smartretirement,lt,smartretirement,gov,smartretirement,smartretirement,smartretirement,lt,blue,bd,smartretirement,smartretirement,adp,smartretirement,smartretirement,ee,af,lord,fa,smartretirement,smartretirement,unsub,lt,smartretirement,gi,mip,af,ei,smartretirement,bal,smartretirement,lt,smartretirement
28,er,adm,blue,lt,class,adm,adm,fa,adm,century,adm,adm,fa,fa,voya,adm,acorn,adm,adm,lake,adm,lending,adm,voya,adm,adm,adm,gov,bd,adm,adm,adm,fa,adm,ei,century,adm,adm,adm,adm,adm,lending,century,century,adm,adm,bd,adm,adm,fa,adp,unsub,gi,adm,bal,century,mixed,er,adm,century,ei,adm,bd,bd,ei,adm,ei,adm,ticker,adm,lt,adm,adm,adm,ticker,fa,bal,adm,adm,ei,adm,adm,blue,thursday,adp,ei,adm,adm,fa,ticker,adm,html,ei,fa,bd,adm,century,adm,gov,adm
29,org,usp,series,treasury,gov,usp,usp,thursday,usp,bd,usp,usp,sm,dl,bal,usp,journey,usp,usp,aspx,usp,unsub,usp,blue,usp,usp,usp,mip,century,usp,usp,usp,dl,usp,dl,bd,usp,usp,usp,usp,usp,unsub,bd,bd,usp,usp,century,usp,usp,silver,in,fa,eq,usp,century,bd,iv,arrival,usp,bd,sm,usp,century,century,dl,usp,fa,usp,explorer,usp,http,usp,usp,usp,explorer,sm,century,usp,usp,questionhi,usp,usp,series,fa,jsp,dl,usp,usp,af,explorer,usp,buyer,shtml,thursday,century,usp,prime,usp,lord,usp
30,diamond,val,core,com,blue,val,val,silver,val,prime,val,val,silver,prime,core,val,ei,val,val,brag,val,unbury,val,ee,val,val,val,silver,prime,val,val,val,prime,val,prime,gov,val,val,val,val,val,unbury,prime,prime,val,val,prime,val,val,ei,questionhi,silver,buyer,val,asp,gov,lending,brag,val,gov,core,val,prime,prime,prime,val,prime,val,gov,val,treasury,val,val,val,gov,int,asp,val,val,in,val,val,core,silver,gov,prime,val,val,trp,core,val,century,gov,silver,prime,val,bd,val,ticker,val
31,natural,unsub,voya,401k,diamond,unsub,unsub,ei,unsub,gov,unsub,unsub,ei,af,sm,unsub,prime,unsub,unsub,htm,unsub,bragging,unsub,prudential,unsub,unsub,unsub,dodge,gov,unsub,unsub,unsub,af,unsub,af,prime,unsub,unsub,unsub,unsub,unsub,bragging,gov,gov,unsub,unsub,gov,unsub,unsub,sm,eq,af,arrival,unsub,gov,prime,thrift,unbury,unsub,prime,bal,unsub,gov,gov,af,unsub,ee,unsub,core,unsub,401k,unsub,unsub,unsub,core,ei,gov,unsub,unsub,eq,unsub,unsub,voya,ei,ee,af,unsub,unsub,htm,gov,unsub,arrival,php,ei,gov,unsub,gov,unsub,core,unsub
32,html,adv,int,unbury,lifetime,adv,adv,chip,adv,mip,adv,adv,int,sm,ticker,adv,unsub,adv,adv,lifetime,adv,arrival,adv,series,adv,adv,adv,treasury,bal,adv,adv,adv,sm,adv,sm,asp,adv,adv,adv,adv,adv,arrival,mip,mip,adv,adv,bal,adv,adv,thursday,http,lending,unbury,adv,prime,asp,natural,html,adv,asp,voya,adv,bal,bal,sm,adv,af,adv,adp,adv,sr,adv,adv,adv,adp,silver,prime,adv,adv,http,adv,adv,int,chip,401k,sm,adv,adv,arrival,adp,adv,unbury,lord,chip,bal,adv,mip,adv,adp,adv
33,cl,pfers,prudential,adp,inc,pfers,pfers,sm,pfers,asp,pfers,pfers,prime,blue,asp,pfers,lake,pfers,pfers,int,pfers,restrict_sr,pfers,cox,pfers,pfers,pfers,unbury,asp,pfers,pfers,pfers,blue,pfers,core,mip,pfers,pfers,pfers,pfers,pfers,restrict_sr,asp,class,pfers,pfers,asp,pfers,pfers,int,sh,htm,lending,pfers,mip,mip,er,restrict_sr,pfers,mip,af,pfers,asp,asp,core,pfers,sm,pfers,shtml,pfers,series,pfers,pfers,pfers,mip,core,mip,pfers,pfers,sh,pfers,pfers,prudential,prime,php,core,pfers,pfers,unbury,shtml,pfers,cl,401k,sm,asp,pfers,class,pfers,explorer,pfers
34,thrift,xnas,cox,bal,401k,xnas,xnas,prime,xnas,class,xnas,xnas,chip,core,af,xnas,lifetime,xnas,xnas,freedom,xnas,eq,xnas,int,xnas,xnas,xnas,bal,fa,xnas,xnas,xnas,core,xnas,blue,lt,xnas,xnas,xnas,xnas,xnas,eq,class,asp,xnas,xnas,fa,xnas,xnas,prime,401k,unbury,re,xnas,lt,lt,diamond,century,xnas,lt,moronic,xnas,fa,mip,blue,xnas,bal,xnas,mip,xnas,class,xnas,xnas,xnas,lord,prime,lt,xnas,xnas,questionhello,xnas,xnas,cox,homebuyer,resp,blue,xnas,xnas,gi,mip,xnas,restrict_sr,ee,prime,fa,xnas,asp,xnas,mip,xnas
35,lake,rowe,401k,diamond,journey,rowe,rowe,int,rowe,lt,rowe,rowe,thursday,silver,exp,rowe,www,rowe,rowe,diamond,rowe,gi,rowe,exp,rowe,rowe,rowe,century,core,rowe,rowe,rowe,silver,rowe,bd,class,rowe,rowe,rowe,rowe,rowe,gi,lt,lt,rowe,rowe,core,rowe,rowe,chip,gov,arrival,silver,rowe,class,class,sr,cl,rowe,class,edu,rowe,mip,fa,bd,rowe,core,rowe,lord,rowe,com,rowe,rowe,rowe,shtml,401k,class,rowe,rowe,401k,rowe,rowe,exp,unbury,dodge,bd,rowe,rowe,re,premier,rowe,ii,resp,int,core,rowe,lt,rowe,ei,rowe
36,mip,grth,exp,sr,newly,grth,grth,unbury,grth,fa,grth,grth,unbury,gov,edu,grth,freedom,grth,grth,triumphant,grth,fa,grth,trp,grth,grth,grth,bd,mip,grth,grth,grth,gov,grth,silver,fa,grth,grth,grth,grth,grth,fa,fa,fa,grth,grth,mip,grth,grth,unbury,com,aspx,fa,grth,core,fa,freedom,ii,grth,fa,asp,grth,core,core,silver,grth,edu,grth,premier,grth,diamond,grth,grth,grth,premier,cox,core,grth,grth,gov,grth,grth,401k,sm,prime,silver,grth,grth,silver,prudential,grth,brag,premier,unbury,mip,grth,fa,grth,century,grth
37,gi,ssga,ei,sh,http,ssga,ssga,homebuyer,ssga,silver,ssga,ssga,core,bd,ei,ssga,mixed,ssga,ssga,en,ssga,htm,ssga,401k,ssga,ssga,ssga,moronic,silver,ssga,ssga,ssga,bd,ssga,gov,core,ssga,ssga,ssga,ssga,ssga,htm,silver,silver,ssga,ssga,silver,ssga,ssga,homebuyer,lord,gi,htm,ssga,fa,silver,treasury,thread,ssga,core,ticker,ssga,silver,silver,gov,ssga,gov,ssga,prudential,ssga,php,ssga,ssga,ssga,prudential,unbury,fa,ssga,ssga,v,ssga,ssga,ei,int,shtml,gov,ssga,ssga,bragging,lord,ssga,freedom,dodge,homebuyer,silver,ssga,silver,ssga,premier,ssga
38,en,midcap,silver,class,formerly,midcap,midcap,lake,midcap,core,midcap,midcap,homebuyer,cox,cox,midcap,org,midcap,midcap,lending,midcap,buyer,midcap,ei,midcap,midcap,midcap,adp,treasury,midcap,midcap,midcap,voya,midcap,voya,silver,midcap,midcap,midcap,midcap,midcap,buyer,core,treasury,midcap,midcap,sm,midcap,midcap,core,questionhello,bragging,brag,midcap,treasury,core,arrival,freedom,midcap,silver,prime,midcap,treasury,moronic,voya,midcap,voya,midcap,century,midcap,blue,midcap,midcap,midcap,century,chip,treasury,midcap,midcap,fr,midcap,midcap,trp,lake,sh,voya,midcap,midcap,lending,century,midcap,htm,questionhi,lake,sm,midcap,treasury,midcap,prime,midcap
39,iv,intl,prime,resp,ii,intl,intl,core,intl,treasury,intl,intl,cox,voya,prudential,intl,natural,intl,intl,thrift,intl,freedom,intl,prime,intl,intl,intl,diamond,sm,intl,intl,intl,cox,intl,exp,treasury,intl,intl,intl,intl,intl,freedom,treasury,core,intl,intl,treasury,intl,intl,cox,dodge,en,af,intl,silver,treasury,provides,reader,intl,treasury,exp,intl,moronic,treasury,exp,intl,asp,intl,ei,intl,bal,intl,intl,intl,ei,voya,silver,intl,intl,com,intl,intl,silver,401k,premier,exp,intl,intl,buyer,columbia,intl,eq,sh,core,treasury,intl,moronic,intl,prudential,intl
40,formerly,stk,trp,dodge,adp,stk,stk,401k,stk,moronic,stk,stk,401k,exp,prime,stk,iv,stk,stk,treasury,stk,prime,stk,silver,stk,stk,stk,lt,moronic,stk,stk,stk,exp,stk,cox,sm,stk,stk,stk,stk,stk,prime,moronic,moronic,stk,stk,cox,stk,stk,401k,v,freedom,reader,stk,sm,unbury,unlimited,served,stk,sm,ee,stk,sm,sm,cox,stk,cox,stk,columbia,stk,lifetime,stk,stk,stk,resp,prudential,sm,stk,stk,dodge,stk,stk,prime,gi,questionhi,cox,stk,stk,dodge,ei,stk,thread,prime,401k,cox,stk,core,stk,resp,stk
41,thursday,invesco,unbury,moronic,natural,invesco,invesco,cox,invesco,unbury,invesco,invesco,lake,unbury,gov,invesco,blah,invesco,invesco,journey,invesco,af,invesco,symbol,invesco,invesco,invesco,premier,cox,invesco,invesco,invesco,unbury,invesco,unbury,unbury,invesco,invesco,invesco,invesco,invesco,af,unbury,unbury,invesco,invesco,moronic,invesco,invesco,lake,fr,buyer,thread,invesco,premier,moronic,re,lake,invesco,unbury,gov,invesco,cox,cox,unbury,invesco,exp,invesco,resp,invesco,sh,invesco,invesco,invesco,columbia,thursday,premier,invesco,invesco,lord,invesco,invesco,unbury,core,treasury,unbury,invesco,invesco,aspx,resp,invesco,prime,sa,cox,moronic,invesco,unbury,invesco,ee,invesco
42,htm,coinsurance,chip,php,sh,coinsurance,coinsurance,gi,coinsurance,sm,coinsurance,coinsurance,gov,treasury,moronic,coinsurance,unlimited,coinsurance,coinsurance,dl,coinsurance,aspx,coinsurance,unbury,coinsurance,coinsurance,coinsurance,asp,unbury,coinsurance,coinsurance,coinsurance,treasury,coinsurance,prudential,premier,coinsurance,coinsurance,coinsurance,coinsurance,coinsurance,aspx,sm,adp,coinsurance,coinsurance,unbury,coinsurance,coinsurance,gov,sa,trp,freedom,coinsurance,adp,sm,int,htm,coinsurance,premier,cox,coinsurance,unbury,unbury,prudential,coinsurance,ticker,coinsurance,specialty,coinsurance,adp,coinsurance,coinsurance,coinsurance,prime,homebuyer,adp,coinsurance,coinsurance,sa,coinsurance,coinsurance,gov,cox,sa,prudential,coinsurance,coinsurance,en,specialty,coinsurance,reader,explorer,gi,unbury,coinsurance,adp,coinsurance,php,coinsurance
43,homebuyer,weeklyarchive,gov,premier,com,weeklyarchive,weeklyarchive,newly,weeklyarchive,adp,weeklyarchive,weeklyarchive,voya,mip,ee,weeklyarchive,hide,weeklyarchive,weeklyarchive,iv,weeklyarchive,ei,weeklyarchive,gov,weeklyarchive,weeklyarchive,weeklyarchive,blue,af,weeklyarchive,weeklyarchive,weeklyarchive,mip,weeklyarchive,treasury,adp,weeklyarchive,weeklyarchive,weeklyarchive,weeklyarchive,weeklyarchive,ei,adp,sm,weeklyarchive,weeklyarchive,lt,weeklyarchive,weeklyarchive,gi,ee,restrict_sr,restrict_sr,weeklyarchive,unbury,adp,energy,prime,weeklyarchive,adp,prudential,weeklyarchive,af,af,treasury,weeklyarchive,silver,weeklyarchive,prime,weeklyarchive,resp,weeklyarchive,weeklyarchive,weeklyarchive,specialty,lake,unbury,weeklyarchive,weeklyarchive,questioni,weeklyarchive,weeklyarchive,chip,newly,century,treasury,weeklyarchive,weeklyarchive,reader,php,weeklyarchive,fa,treasury,newly,lt,weeklyarchive,diamond,weeklyarchive,sm,weeklyarchive
44,mixed,morningstar,homebuyer,formerly,g,morningstar,morningstar,gov,morningstar,premier,morningstar,morningstar,prudential,bal,symbol,morningstar,thread,morningstar,morningstar,arrival,morningstar,en,morningstar,inc,morningstar,morningstar,morningstar,sh,lt,morningstar,morningstar,morningstar,bal,morningstar,bal,php,morningstar,morningstar,morningstar,morningstar,morningstar,en,premier,diamond,morningstar,morningstar,prudential,morningstar,morningstar,newly,questioni,prime,aspx,morningstar,diamond,premier,dl,journey,morningstar,php,mip,morningstar,lt,lt,bal,morningstar,prudential,morningstar,php,morningstar,dodge,morningstar,morningstar,morningstar,php,gov,diamond,morningstar,morningstar,hill,morningstar,morningstar,dl,gov,explorer,bal,morningstar,morningstar,freedom,exp,morningstar,ei,core,gov,prudential,morningstar,sm,morningstar,treasury,morningstar
45,g,pim,dl,g,lt,pim,pim,freedom,pim,php,pim,pim,trp,prudential,explorer,pim,vice,pim,pim,natural,pim,lake,pim,dl,pim,pim,pim,sr,prudential,pim,pim,pim,prudential,pim,edu,moronic,pim,pim,pim,pim,pim,lake,php,premier,pim,pim,exp,pim,pim,voya,prime,dodge,en,pim,php,php,comp,ei,pim,moronic,silver,pim,prudential,prudential,edu,pim,blue,pim,exp,pim,journey,pim,pim,pim,exp,exp,php,pim,pim,premier,pim,pim,symbol,freedom,silver,edu,pim,pim,thread,sm,pim,lake,century,freedom,exp,pim,premier,pim,cox,pim
46,energy,fundid,lake,sa,thrift,fundid,fundid,co,fundid,diamond,fundid,fundid,exp,edu,mip,fundid,er,fundid,fundid,century,fundid,reader,fundid,chip,fundid,fundid,fundid,fa,exp,fundid,fundid,fundid,edu,fundid,mip,diamond,fundid,fundid,fundid,fundid,fundid,reader,diamond,php,fundid,fundid,af,fundid,fundid,freedom,premier,int,lake,fundid,cox,diamond,served,eq,fundid,diamond,symbol,fundid,exp,exp,mip,fundid,mip,fundid,sm,fundid,newly,fundid,fundid,fundid,sm,dl,cox,fundid,fundid,calculator,fundid,fundid,homebuyer,co,diamond,mip,fundid,fundid,restrict_sr,prime,fundid,aspx,questionmy,co,af,fundid,php,fundid,specialty,fundid
47,sh,sel,thursday,century,resp,sel,sel,dl,sel,cox,sel,sel,dl,series,silver,sel,provides,sel,sel,re,sel,thread,sel,homebuyer,sel,sel,sel,resp,premier,sel,sel,sel,series,sel,ticker,cox,sel,sel,sel,sel,sel,thread,cox,cox,sel,sel,premier,sel,sel,prudential,calculator,ei,prime,sel,moronic,cox,certified,fa,sel,cox,treasury,sel,premier,premier,ticker,sel,treasury,sel,cox,sel,natural,sel,sel,sel,cox,trp,moronic,sel,sel,specialty,sel,sel,inc,bragging,g,ticker,sel,sel,prime,cox,sel,served,g,dl,premier,sel,sh,sel,fa,sel
48,www,jpmorgan,symbol,journey,co,jpmorgan,jpmorgan,voya,jpmorgan,sh,jpmorgan,jpmorgan,gi,diamond,treasury,jpmorgan,versa,jpmorgan,jpmorgan,victory,jpmorgan,brag,jpmorgan,ticker,jpmorgan,jpmorgan,jpmorgan,sa,ticker,jpmorgan,jpmorgan,jpmorgan,ticker,jpmorgan,asp,prudential,jpmorgan,jpmorgan,jpmorgan,jpmorgan,jpmorgan,brag,sh,sh,jpmorgan,jpmorgan,ticker,jpmorgan,jpmorgan,dl,specialty,reader,dodge,jpmorgan,prudential,sh,op,aspx,jpmorgan,prudential,blue,jpmorgan,diamond,diamond,asp,jpmorgan,unbury,jpmorgan,questionhi,jpmorgan,formerly,jpmorgan,jpmorgan,jpmorgan,questionhi,gi,prudential,jpmorgan,jpmorgan,aggregate,jpmorgan,jpmorgan,lake,unsub,calculator,asp,jpmorgan,jpmorgan,cox,sh,jpmorgan,journey,calculator,voya,ticker,jpmorgan,cox,jpmorgan,shtml,jpmorgan
49,unlimited,institutional,inc,bd,chip,institutional,institutional,prudential,institutional,prudential,institutional,institutional,newly,ticker,blue,institutional,reader,institutional,institutional,unlimited,institutional,int,institutional,lake,institutional,institutional,institutional,series,diamond,institutional,institutional,institutional,diamond,institutional,series,sh,institutional,institutional,institutional,institutional,institutional,int,prudential,blue,institutional,institutional,adp,institutional,institutional,trp,hill,thread,journey,institutional,sh,prudential,org,unlimited,institutional,sh,unbury,institutional,ticker,adp,series,institutional,diamond,institutional,sh,institutional,eq,institutional,institutional,institutional,sh,freedom,sh,institutional,institutional,ee,institutional,institutional,thursday,dl,sr,series,institutional,institutional,brag,div,institutional,af,specialty,prudential,adp,institutional,blue,institutional,sh,institutional
50,lending,r5,treasury,natural,lake,r5,r5,unsub,r5,blue,r5,r5,freedom,victory,unbury,r5,op,r5,r5,dodge,r5,gb,r5,bd,r5,r5,r5,php,adp,r5,r5,r5,asp,r5,diamond,blue,r5,r5,r5,r5,r5,gb,blue,prudential,r5,r5,diamond,r5,r5,exp,ind,http,ei,r5,ticker,blue,formerly,natural,r5,blue,explorer,r5,adp,ticker,diamond,r5,symbol,r5,voya,r5,thrift,r5,r5,r5,voya,diamond,ticker,r5,r5,prime,r5,r5,treasury,diamond,core,diamond,r5,r5,http,ind,r5,en,sr,unsub,diamond,r5,questionhi,r5,exp,r5
51,gov,admiral,diamond,lifetime,sa,admiral,admiral,trp,admiral,af,admiral,admiral,treasury,asp,lt,admiral,thrift,admiral,admiral,mixed,admiral,treasury,admiral,thursday,admiral,admiral,admiral,g,voya,admiral,admiral,admiral,victory,admiral,victory,af,admiral,admiral,admiral,admiral,admiral,treasury,af,questionhi,admiral,admiral,voya,admiral,admiral,treasury,interactive,lake,served,admiral,sa,af,vice,gb,admiral,af,diamond,admiral,blue,blue,victory,admiral,explorer,admiral,fa,admiral,century,admiral,admiral,admiral,fa,treasury,sa,admiral,admiral,ttl,admiral,admiral,bd,voya,questionmy,victory,admiral,admiral,int,questionhi,admiral,unlimited,ind,trp,voya,admiral,af,admiral,columbia,admiral
52,provides,cref,freedom,blue,homebuyer,cref,cref,treasury,cref,questionhi,cref,cref,unsub,lake,diamond,cref,comp,cref,cref,ii,cref,trp,cref,harbor,cref,cref,cref,journey,blue,cref,cref,cref,lake,cref,symbol,sa,cref,cref,cref,cref,cref,trp,questionhi,af,cref,cref,blue,cref,cref,co,aggregate,gb,unlimited,cref,af,sa,mip,en,cref,sa,lt,cref,voya,voya,symbol,cref,premier,cref,treasury,cref,sa,cref,cref,cref,treasury,newly,af,cref,cref,ind,cref,cref,ticker,treasury,specialty,symbol,cref,cref,lake,voya,cref,gb,diamond,treasury,blue,cref,prudential,cref,questionhi,cref
53,certified,dfa,bd,series,brag,dfa,dfa,bragging,dfa,sa,dfa,dfa,diamond,newly,premier,dfa,gb,dfa,dfa,mip,dfa,dodge,dfa,mf,dfa,dfa,dfa,newly,sh,dfa,dfa,dfa,symbol,dfa,premier,ticker,dfa,dfa,dfa,dfa,dfa,dodge,sa,sa,dfa,dfa,sh,dfa,dfa,unsub,sr,treasury,trp,dfa,exp,questionhi,stumbled,iv,dfa,ticker,premier,dfa,sh,sh,premier,dfa,lt,dfa,div,dfa,g,dfa,dfa,dfa,symbol,mip,exp,dfa,dfa,interactive,dfa,dfa,diamond,prudential,formerly,premier,dfa,dfa,sm,symbol,dfa,natural,silver,bragging,sh,dfa,resp,dfa,sa,dfa
54,comp,sachs,mip,asp,premier,sachs,sachs,diamond,sachs,sr,sachs,sachs,co,homebuyer,columbia,sachs,victory,sachs,sachs,sr,sachs,unlimited,sachs,treasury,sachs,sachs,sachs,lifetime,explorer,sachs,sachs,sachs,newly,sachs,lake,questionhi,sachs,sachs,sachs,sachs,sachs,unlimited,sr,resp,sachs,sachs,explorer,sachs,sachs,diamond,questionsi,cox,gb,sachs,questionhi,ticker,gb,lifetime,sachs,questionhi,adp,sachs,explorer,explorer,lake,sachs,sh,sachs,symbol,sachs,lake,sachs,sachs,sachs,div,unsub,questionhi,sachs,sachs,potato,sachs,sachs,freedom,trp,unbury,lake,sachs,sachs,gb,fa,sachs,iv,chrome,diamond,explorer,sachs,sr,sachs,class,sachs
55,resp,europacific,gi,calculator,php,europacific,europacific,exp,europacific,resp,europacific,europacific,mip,symbol,adp,europacific,html,europacific,europacific,gb,europacific,natural,europacific,diamond,europacific,europacific,europacific,lake,php,europacific,europacific,europacific,homebuyer,europacific,newly,exp,europacific,europacific,europacific,europacific,europacific,natural,resp,sr,europacific,europacific,php,europacific,europacific,mip,potato,unlimited,natural,europacific,blue,sr,cl,af,europacific,exp,sh,europacific,php,php,newly,europacific,adp,europacific,ind,europacific,premier,europacific,europacific,europacific,sa,symbol,blue,europacific,europacific,questionsi,europacific,europacific,harbor,mip,pfers,newly,europacific,europacific,ei,pdf,europacific,lifetime,barclays,exp,php,europacific,sa,europacific,pfers,europacific
56,401k,author,ticker,newly,dodge,author,author,mip,author,ticker,author,author,gb,premier,sh,author,stumbled,author,author,gov,author,iv,author,mip,author,author,author,natural,sa,author,author,author,premier,author,homebuyer,sr,author,author,author,author,author,iv,ticker,calculator,author,author,sa,author,author,bragging,ttl,sm,int,author,explorer,resp,version,mixed,author,sr,sa,author,sa,questionhi,homebuyer,author,sa,author,sa,author,co,author,author,author,ind,inc,explorer,author,author,explorer,author,author,mip,exp,fa,homebuyer,author,author,core,treasury,author,treasury,formerly,mip,sa,author,calculator,author,voya,author
57,gb,jennison,harbor,thrift,gb,jennison,jennison,gb,jennison,exp,jennison,jennison,arrival,gb,mf,jennison,treasury,jennison,jennison,401k,jennison,journey,jennison,freedom,jennison,jennison,jennison,gb,questionhi,jennison,jennison,jennison,gb,jennison,gb,resp,jennison,jennison,jennison,jennison,jennison,journey,exp,exp,jennison,jennison,symbol,jennison,jennison,gb,explorer,natural,iv,jennison,sr,exp,depot,slate,jennison,resp,columbia,jennison,questionhi,calculator,gb,jennison,victory,jennison,pdf,jennison,homebuyer,jennison,jennison,jennison,pdf,gb,sr,jennison,jennison,sr,jennison,jennison,premier,arrival,chrome,gb,jennison,jennison,unlimited,sa,jennison,int,fr,gb,symbol,jennison,exp,jennison,symbol,jennison
58,steer,hellomoney,premier,lake,century,hellomoney,hellomoney,arrival,hellomoney,calculator,hellomoney,hellomoney,bragging,sh,sa,hellomoney,sharing,hellomoney,hellomoney,fa,hellomoney,lifetime,hellomoney,inst,hellomoney,hellomoney,hellomoney,thrift,calculator,hellomoney,hellomoney,hellomoney,sh,hellomoney,lt,explorer,hellomoney,hellomoney,hellomoney,hellomoney,hellomoney,lifetime,calculator,ticker,hellomoney,hellomoney,resp,hellomoney,hellomoney,arrival,century,brag,http,hellomoney,resp,explorer,aspx,treasury,hellomoney,explorer,mf,hellomoney,calculator,sa,lt,hellomoney,series,hellomoney,f1,hellomoney,chip,hellomoney,hellomoney,hellomoney,f1,harbor,resp,hellomoney,hellomoney,chrome,hellomoney,hellomoney,gi,gb,barclays,lt,hellomoney,hellomoney,natural,chrome,hellomoney,slate,v,arrival,resp,hellomoney,series,hellomoney,chrome,hellomoney
59,pt,lifepath,unsub,gb,bal,lifepath,lifepath,reader,lifepath,explorer,lifepath,lifepath,lending,chip,specialty,lifepath,universal,lifepath,lifepath,provides,lifepath,http,lifepath,premier,lifepath,lifepath,lifepath,calculator,gb,lifepath,lifepath,lifepath,chip,lifepath,sh,calculator,lifepath,lifepath,lifepath,lifepath,lifepath,http,explorer,series,lifepath,lifepath,questionhi,lifepath,lifepath,reader,chrome,iv,slate,lifepath,g,calculator,buyer,int,lifepath,calculator,specialty,lifepath,lake,lake,sh,lifepath,lake,lifepath,chrome,lifepath,calculator,lifepath,lifepath,lifepath,chrome,premier,g,lifepath,lifepath,tracker,lifepath,lifepath,mf,brag,v,sh,lifepath,lifepath,journey,f1,lifepath,mixed,fa,reader,questionhi,lifepath,ticker,lifepath,barclays,lifepath
60,freedom,fundintext,newly,fa,bragging,fundintext,fundintext,lending,fundintext,series,fundintext,fundintext,perkins,thursday,barclays,fundintext,certified,fundintext,fundintext,energy,fundintext,served,fundintext,gi,fundintext,fundintext,fundintext,formerly,resp,fundintext,fundintext,fundintext,lt,fundintext,sa,g,fundintext,fundintext,fundintext,fundintext,fundintext,served,series,explorer,fundintext,fundintext,gb,fundintext,fundintext,lending,tracker,core,treasury,fundintext,voya,g,et,universal,fundintext,g,barclays,fundintext,gb,gb,sa,fundintext,gb,fundintext,barclays,fundintext,brag,fundintext,fundintext,fundintext,barclays,bd,voya,fundintext,fundintext,auth,fundintext,fundintext,unsub,reader,questioni,sa,fundintext,fundintext,com,frontier,fundintext,dodge,frontier,lending,gb,fundintext,explorer,fundintext,ind,fundintext
61,et,pell,perkins,homebuyer,eq,pell,pell,unlimited,pell,g,pell,pell,re,natural,morningstar,pell,search,pell,pell,unsub,pell,cox,pell,perkins,pell,pell,pell,cox,specialty,pell,pell,pell,natural,pell,explorer,voya,pell,pell,pell,pell,pell,cox,g,gb,pell,pell,specialty,pell,pell,unlimited,formerly,com,cox,pell,calculator,series,sharing,hide,pell,voya,victory,pell,resp,resp,explorer,pell,specialty,pell,frontier,pell,gb,pell,pell,pell,ee,perkins,calculator,pell,pell,formerly,pell,pell,newly,unlimited,ind,explorer,pell,pell,treasury,barclays,pell,universal,questioni,unlimited,specialty,pell,natural,pell,calculator,pell
62,gold,ppo,mf,brag,calculator,ppo,ppo,lifetime,ppo,gb,ppo,ppo,reader,journey,f1,ppo,energy,ppo,ppo,com,ppo,universal,ppo,unsub,ppo,ppo,ppo,specialty,lake,ppo,ppo,ppo,thursday,ppo,adp,series,ppo,ppo,ppo,ppo,ppo,universal,gb,natural,ppo,ppo,calculator,ppo,ppo,lifetime,silver,journey,lifetime,ppo,gb,voya,versa,dodge,ppo,series,gb,ppo,specialty,specialty,adp,ppo,barclays,ppo,ee,ppo,fa,ppo,ppo,ppo,frontier,co,gb,ppo,ppo,jul,ppo,ppo,perkins,lending,frontier,adp,ppo,ppo,iv,pacific,ppo,http,unbury,lifetime,calculator,ppo,gb,ppo,div,ppo
63,arrival,mkt,gb,co,iv,mkt,mkt,brag,mkt,voya,mkt,mkt,premier,lt,div,mkt,slate,mkt,mkt,thread,mkt,gov,mkt,newly,mkt,mkt,mkt,brag,symbol,mkt,mkt,mkt,sa,mkt,chip,gb,mkt,mkt,mkt,mkt,mkt,gov,voya,g,mkt,mkt,lake,mkt,mkt,perkins,jul,lifetime,formatting,mkt,jsp,gb,pt,stumbled,mkt,gb,harbor,mkt,series,series,chip,mkt,newly,mkt,pacific,mkt,bd,mkt,mkt,mkt,calculator,arrival,jsp,mkt,mkt,century,mkt,mkt,gb,lifetime,fr,chip,mkt,mkt,exp,ee,mkt,thrift,sec,brag,lake,mkt,journey,mkt,frontier,mkt
64,adp,pttrx,arrival,questionhi,unlimited,pttrx,pttrx,thrift,pttrx,natural,pttrx,pttrx,harbor,explorer,ind,pttrx,century,pttrx,pttrx,http,pttrx,com,pttrx,gb,pttrx,pttrx,pttrx,core,series,pttrx,pttrx,pttrx,explorer,pttrx,sr,specialty,pttrx,pttrx,pttrx,pttrx,pttrx,com,natural,journey,pttrx,pttrx,sr,pttrx,pttrx,thrift,auth,gov,ppo,pttrx,specialty,specialty,hide,thrift,pttrx,specialty,lake,pttrx,symbol,newly,sr,pttrx,sr,pttrx,calculator,pttrx,iv,pttrx,pttrx,pttrx,pacific,bragging,specialty,pttrx,pttrx,barclays,pttrx,pttrx,inst,thread,natural,sr,pttrx,pttrx,ppo,sc,pttrx,trp,hill,thrift,sr,pttrx,g,pttrx,f1,pttrx
65,sa,eq,bal,specialty,gi,eq,eq,thread,eq,specialty,eq,eq,lifetime,sa,victory,eq,int,eq,eq,certified,eq,slate,eq,bal,eq,eq,eq,gold,sr,eq,eq,eq,sr,eq,mf,jsp,eq,eq,eq,eq,eq,slate,specialty,lake,eq,eq,series,eq,eq,iv,treasury,ppo,gov,eq,barclays,natural,rated,formatting,eq,jsp,morningstar,eq,newly,journey,mf,eq,columbia,eq,sc,eq,gold,eq,eq,eq,class,reader,barclays,eq,eq,silver,eq,eq,bal,thrift,hill,mf,eq,eq,slate,calculator,eq,gov,ticker,thread,series,eq,lake,eq,silver,eq
66,milestone,trgt,inst,chip,gold,trgt,trgt,natural,trgt,lake,trgt,trgt,unlimited,sr,harbor,trgt,diamond,trgt,trgt,stumbled,trgt,sm,trgt,inv,trgt,trgt,trgt,homebuyer,newly,trgt,trgt,trgt,adp,trgt,natural,natural,trgt,trgt,trgt,trgt,trgt,sm,lake,voya,trgt,trgt,g,trgt,trgt,re,unbury,slate,com,trgt,series,lake,html,blah,trgt,natural,f1,trgt,sr,sr,natural,trgt,mf,trgt,ir,trgt,bragging,trgt,trgt,trgt,sc,unlimited,series,trgt,trgt,frontier,trgt,trgt,asp,natural,sec,natural,trgt,trgt,served,ir,trgt,stumbled,pdf,natural,g,trgt,newly,trgt,diamond,trgt
67,op,thursday,reader,gold,lending,thursday,thursday,perkins,thursday,journey,thursday,thursday,inc,adp,resp,thursday,news,thursday,thursday,formerly,thursday,mixed,thursday,asp,thursday,thursday,thursday,af,g,thursday,thursday,thursday,journey,thursday,harbor,barclays,thursday,thursday,thursday,thursday,thursday,mixed,journey,specialty,thursday,thursday,newly,thursday,thursday,natural,barclays,exp,mixed,thursday,natural,newly,g,search,thursday,barclays,ind,thursday,journey,symbol,harbor,thursday,harbor,thursday,class,thursday,unlimited,thursday,thursday,thursday,ir,thrift,natural,thursday,thursday,treasury,thursday,thursday,arrival,iv,journey,harbor,thursday,thursday,gt,sec,thursday,search,prudential,perkins,newly,thursday,specialty,thursday,pdf,thursday
68,maturity,blend,john,unlimited,thursday,blend,blend,iv,blend,newly,blend,blend,thrift,gi,gb,blend,htm,blend,blend,reader,blend,ppo,blend,spartan,blend,blend,blend,maturity,journey,blend,blend,blend,gi,blend,thursday,lake,blend,blend,blend,blend,blend,ppo,newly,newly,blend,blend,barclays,blend,blend,harbor,diamond,served,gt,blend,journey,journey,thumb,provides,blend,lake,div,blend,g,natural,thursday,blend,natural,blend,acct,blend,gi,blend,blend,blend,acct,ticker,journey,blend,blend,columbia,blend,blend,john,perkins,acct,thursday,blend,blend,voya,mf,blend,ppo,jul,iv,barclays,blend,voya,blend,unbury,blend
69,stumbled,gr,unlimited,edition,fa,gr,gr,re,gr,barclays,gr,gr,iv,thrift,questionhi,gr,aspx,gr,gr,served,gr,thrift,gr,franklin,gr,gr,gr,sm,natural,gr,gr,gr,harbor,gr,g,newly,gr,gr,gr,gr,gr,thrift,barclays,lifetime,gr,gr,journey,gr,gr,thread,frontier,gt,stumbled,gr,lake,barclays,gov,vice,gr,newly,resp,gr,natural,g,g,gr,homebuyer,gr,sec,gr,lending,gr,gr,gr,sec,lifetime,lake,gr,gr,unbury,gr,gr,spartan,journey,ticker,g,gr,gr,gov,acct,gr,provides,acct,re,journey,gr,lifetime,gr,g,gr
70,depot,oakmark,asp,iv,edition,oakmark,oakmark,harbor,oakmark,jsp,oakmark,oakmark,symbol,harbor,lake,oakmark,sr,oakmark,oakmark,eq,oakmark,core,oakmark,lurker,oakmark,oakmark,oakmark,edition,barclays,oakmark,oakmark,oakmark,mf,oakmark,journey,journey,oakmark,oakmark,oakmark,oakmark,oakmark,core,jsp,barclays,oakmark,oakmark,natural,oakmark,oakmark,premier,g,universal,sm,oakmark,newly,jsp,thread,http,oakmark,journey,series,oakmark,barclays,barclays,journey,oakmark,g,oakmark,mf,oakmark,questionhi,oakmark,oakmark,oakmark,mf,natural,newly,oakmark,oakmark,diamond,oakmark,oakmark,reader,lurker,prudential,journey,oakmark,oakmark,formatting,ttl,oakmark,formatting,sm,harbor,natural,oakmark,barclays,oakmark,acct,oakmark
71,edu,quicksilver,lurker,maturity,maturity,quicksilver,quicksilver,journey,quicksilver,lifetime,quicksilver,quicksilver,natural,brag,php,quicksilver,cl,quicksilver,quicksilver,af,quicksilver,diamond,quicksilver,reader,quicksilver,quicksilver,quicksilver,chip,jsp,quicksilver,quicksilver,quicksilver,thrift,quicksilver,php,lifetime,quicksilver,quicksilver,quicksilver,quicksilver,quicksilver,diamond,lifetime,formerly,quicksilver,quicksilver,jsp,quicksilver,quicksilver,brag,fa,john,lurker,quicksilver,formerly,lifetime,blah,versa,quicksilver,lifetime,php,quicksilver,lifetime,lifetime,php,quicksilver,resp,quicksilver,questionmy,quicksilver,specialty,quicksilver,quicksilver,quicksilver,pfers,iv,formerly,quicksilver,quicksilver,g,quicksilver,quicksilver,inv,re,sm,php,quicksilver,quicksilver,prudential,class,quicksilver,hide,pfers,journey,jsp,quicksilver,formerly,quicksilver,ir,quicksilver
72,rated,goldman,thrift,chrome,provides,goldman,goldman,premier,goldman,formerly,goldman,goldman,thread,mf,calculator,goldman,earnest,goldman,goldman,john,goldman,stumbled,goldman,explorer,goldman,goldman,goldman,questionhi,lifetime,goldman,goldman,goldman,g,goldman,barclays,formerly,goldman,goldman,goldman,goldman,goldman,stumbled,formerly,thrift,goldman,goldman,lifetime,goldman,goldman,inc,core,diamond,universal,goldman,lifetime,formerly,gold,gov,goldman,formerly,sr,goldman,thrift,thrift,barclays,goldman,php,goldman,diamond,goldman,thursday,goldman,goldman,goldman,diamond,thread,lifetime,goldman,goldman,sec,goldman,goldman,unlimited,triumphant,gb,barclays,goldman,goldman,lurker,auth,goldman,versa,questionhello,premier,lifetime,goldman,thrift,goldman,sc,goldman
73,edition,blackrock,spartan,bragging,et,blackrock,blackrock,lurker,blackrock,thrift,blackrock,blackrock,john,calculator,g,blackrock,rated,blackrock,blackrock,depot,blackrock,gt,blackrock,pimco,blackrock,blackrock,blackrock,explorer,thrift,blackrock,blackrock,blackrock,gt,blackrock,thrift,mf,blackrock,blackrock,blackrock,blackrock,blackrock,gt,thrift,homebuyer,blackrock,blackrock,thrift,blackrock,blackrock,symbol,columbia,fid,search,blackrock,mf,thrift,en,ppo,blackrock,mf,g,blackrock,jsp,homebuyer,thrift,blackrock,calculator,blackrock,pfers,blackrock,edition,blackrock,blackrock,blackrock,questionmy,lurker,mf,blackrock,blackrock,core,blackrock,blackrock,thrift,harbor,cox,thrift,blackrock,blackrock,spartan,fr,blackrock,com,tracker,lurker,thrift,blackrock,homebuyer,blackrock,af,blackrock
74,instant,bumper,co,questionmy,comp,bumper,bumper,triumphant,bumper,homebuyer,bumper,bumper,bd,g,acct,bumper,cross,bumper,bumper,op,bumper,search,bumper,john,bumper,bumper,bumper,chrome,homebuyer,bumper,bumper,bumper,barclays,bumper,gi,thrift,bumper,bumper,bumper,bumper,bumper,search,homebuyer,jsp,bumper,bumper,mf,bumper,bumper,john,sec,mip,thrift,bumper,symbol,homebuyer,wisdom,op,bumper,thrift,newly,bumper,homebuyer,brag,gi,bumper,journey,bumper,g,bumper,asp,bumper,bumper,bumper,g,john,symbol,bumper,bumper,pdf,bumper,bumper,franklin,premier,class,gi,bumper,bumper,lifetime,questionmy,bumper,cox,natural,triumphant,mf,bumper,jsp,bumper,sec,bumper
75,priced,trp,iv,barclays,energy,trp,trp,john,trp,mf,trp,trp,brag,gt,ref,trp,en,trp,trp,gold,trp,mip,trp,arrival,trp,trp,trp,iv,mf,trp,trp,trp,brag,trp,gt,homebuyer,trp,trp,trp,trp,trp,mip,mf,mf,trp,trp,columbia,trp,trp,journey,mar,prudential,core,trp,thrift,mf,milestone,trp,trp,homebuyer,calculator,trp,mf,jsp,gt,trp,f1,trp,ttl,trp,freedom,trp,trp,trp,fr,lending,thrift,trp,trp,fa,trp,trp,edu,john,tracker,gt,trp,trp,fid,g,trp,vice,questionsi,john,columbia,trp,brag,trp,mf,trp
76,premier,stafford,natural,gi,pt,stafford,stafford,inc,stafford,symbol,stafford,stafford,journey,unlimited,sr,stafford,version,stafford,stafford,comp,stafford,john,stafford,edu,stafford,stafford,stafford,barclays,columbia,stafford,stafford,stafford,calculator,stafford,specialty,symbol,stafford,stafford,stafford,stafford,stafford,john,symbol,symbol,stafford,stafford,homebuyer,stafford,stafford,triumphant,pdf,401k,diamond,stafford,homebuyer,symbol,restrict_sr,gt,stafford,symbol,questionhi,stafford,xpost,xpost,specialty,stafford,questionhi,stafford,fr,stafford,maturity,stafford,stafford,stafford,v,brag,homebuyer,stafford,stafford,mar,stafford,stafford,co,inc,pdf,specialty,stafford,stafford,stumbled,diamond,stafford,op,cox,inc,homebuyer,stafford,mf,stafford,pacific,stafford
77,dodge,downvotes,edu,jsp,certified,downvotes,downvotes,symbol,downvotes,chrome,downvotes,downvotes,triumphant,barclays,natural,downvotes,thumb,downvotes,downvotes,version,downvotes,op,downvotes,unlimited,downvotes,downvotes,downvotes,acct,xpost,downvotes,downvotes,downvotes,php,downvotes,calculator,ind,downvotes,downvotes,downvotes,downvotes,downvotes,op,chrome,brag,downvotes,downvotes,xpost,downvotes,downvotes,lurker,socially,stumbled,provides,downvotes,ind,ind,sh,diamond,downvotes,ind,natural,downvotes,columbia,formerly,calculator,downvotes,ref,downvotes,v,downvotes,provides,downvotes,downvotes,downvotes,silver,mf,ind,downvotes,downvotes,socially,downvotes,downvotes,lurker,symbol,jul,calculator,downvotes,downvotes,401k,v,downvotes,gt,auth,symbol,xpost,downvotes,symbol,downvotes,questionmy,downvotes
78,wisdom,oppenheimer,thread,questioni,freedom,oppenheimer,oppenheimer,gt,oppenheimer,ind,oppenheimer,oppenheimer,sr,lifetime,ir,oppenheimer,across,oppenheimer,oppenheimer,sh,oppenheimer,versa,oppenheimer,thrift,oppenheimer,oppenheimer,oppenheimer,unlimited,formerly,oppenheimer,oppenheimer,oppenheimer,specialty,oppenheimer,ref,chrome,oppenheimer,oppenheimer,oppenheimer,oppenheimer,oppenheimer,versa,ind,chip,oppenheimer,oppenheimer,acct,oppenheimer,oppenheimer,bd,mf,thrift,versa,oppenheimer,chrome,chrome,john,com,oppenheimer,chrome,ref,oppenheimer,brag,mf,ref,oppenheimer,ind,oppenheimer,auth,oppenheimer,et,oppenheimer,oppenheimer,oppenheimer,ttl,bal,chrome,oppenheimer,oppenheimer,mf,oppenheimer,oppenheimer,iv,gt,questionsi,ref,oppenheimer,oppenheimer,universal,af,oppenheimer,diamond,columbia,gt,acct,oppenheimer,chip,oppenheimer,fr,oppenheimer
79,versa,century,lifetime,acct,bd,century,century,bd,century,edition,century,century,gt,specialty,newly,century,continuation,century,century,restrict_sr,century,provides,century,gt,century,century,century,xpost,acct,century,century,century,unlimited,century,perkins,edition,century,century,century,century,century,provides,edition,chrome,century,century,chrome,century,century,sr,natural,voya,mip,century,columbia,edition,htm,cox,century,edition,homebuyer,century,formerly,victory,perkins,century,morningstar,century,silver,century,questionmy,century,century,century,af,journey,columbia,century,century,participant,century,century,explorer,sr,lifetime,perkins,century,century,john,pfers,century,blah,journey,bd,chrome,century,questioni,century,sr,century
80,triumphant,spartan,inv,doe,mixed,spartan,spartan,sr,spartan,gt,spartan,spartan,mf,iv,gt,spartan,gov,spartan,spartan,vice,spartan,sr,spartan,cref,spartan,spartan,spartan,gi,gt,spartan,spartan,spartan,lifetime,spartan,columbia,columbia,spartan,spartan,spartan,spartan,spartan,sr,gt,questioni,spartan,spartan,formerly,spartan,spartan,gt,ir,mixed,poster,spartan,acct,gt,digit,certified,spartan,columbia,acct,spartan,acct,columbia,columbia,spartan,gt,spartan,af,spartan,arrival,spartan,spartan,spartan,auth,gt,acct,spartan,spartan,ir,spartan,spartan,lifetime,formatting,oc,columbia,spartan,spartan,poster,silver,spartan,mip,gb,sr,formerly,spartan,gt,spartan,v,spartan
81,vice,studentaid,bragging,xpost,specialty,studentaid,studentaid,formatting,studentaid,gold,studentaid,studentaid,ticker,php,series,studentaid,ii,studentaid,studentaid,buyer,studentaid,401k,studentaid,admiral,studentaid,studentaid,studentaid,co,chrome,studentaid,studentaid,studentaid,perkins,studentaid,lifetime,gt,studentaid,studentaid,studentaid,studentaid,studentaid,401k,gold,gt,studentaid,studentaid,gt,studentaid,studentaid,mf,oc,search,hide,studentaid,edition,columbia,steer,comp,studentaid,gt,gt,studentaid,victory,gt,lifetime,studentaid,acct,studentaid,unbury,studentaid,questioni,studentaid,studentaid,studentaid,unbury,re,edition,studentaid,studentaid,oc,studentaid,studentaid,natural,bd,questionhello,lifetime,studentaid,studentaid,search,unbury,studentaid,sm,oc,formatting,gt,studentaid,chrome,studentaid,questioni,studentaid
82,version,gb,franklin,cox,arrival,gb,gb,mixed,gb,questioni,gb,gb,lurker,perkins,jsp,gb,wisdom,gb,gb,g,gb,exp,gb,columbia,gb,gb,gb,jsp,victory,gb,gb,gb,iv,gb,trp,gold,gb,gb,gb,gb,gb,exp,questioni,edition,gb,gb,gold,gb,gb,ticker,prudential,perkins,blah,gb,frontier,gold,www,lurker,gb,gold,journey,gb,gt,acct,trp,gb,thrift,gb,questioni,gb,milestone,gb,gb,gb,questioni,edu,frontier,gb,gb,natural,gb,gb,gt,mixed,thrift,trp,gb,gb,diamond,questioni,gb,comp,div,mixed,gold,gb,edition,gb,xpost,gb
83,served,rear,gt,core,milestone,rear,rear,ppo,rear,chip,rear,rear,spartan,questionhi,ger,rear,mip,rear,rear,digit,rear,fid,rear,iv,rear,rear,rear,frontier,gold,rear,rear,rear,questionhi,rear,iv,acct,rear,rear,rear,rear,rear,fid,chip,gold,rear,rear,victory,rear,rear,ppo,sm,spartan,401k,rear,xpost,acct,across,sharing,rear,acct,ir,rear,gold,gold,iv,rear,div,rear,questionhello,rear,t4,rear,rear,rear,questionhello,sr,xpost,rear,rear,reg,rear,rear,pimco,ppo,edition,iv,rear,rear,thrift,aggregate,rear,certified,ir,ppo,victory,rear,gold,rear,auth,rear
84,thumb,www,lending,frontier,doe,www,www,ticker,www,acct,www,www,bal,bragging,homebuyer,www,fa,www,www,premier,www,formatting,www,rowe,www,www,www,priced,brag,www,www,www,ref,www,unlimited,frontier,www,www,www,www,www,formatting,acct,victory,www,www,ref,www,www,mixed,t4,formatting,vice,www,gt,frontier,instant,earnest,www,frontier,edition,www,chrome,chrome,unlimited,www,edition,www,oc,www,energy,www,www,www,oc,asp,gt,www,www,prudential,www,www,lending,helpi,xpost,unlimited,www,www,mip,questionhello,www,lurker,mf,ticker,ref,www,victory,www,gb,www
85,re,snapshot,explorer,explorer,steer,snapshot,snapshot,mf,snapshot,columbia,snapshot,snapshot,gold,ref,sc,snapshot,formatting,snapshot,snapshot,et,snapshot,perkins,snapshot,thread,snapshot,snapshot,snapshot,ref,edition,snapshot,snapshot,snapshot,edition,snapshot,edition,ref,snapshot,snapshot,snapshot,snapshot,snapshot,perkins,columbia,xpost,snapshot,snapshot,edition,snapshot,snapshot,formatting,participant,harbor,helpi,snapshot,gold,questioni,extended,mip,snapshot,ref,xpost,snapshot,edition,edition,edition,snapshot,chip,snapshot,xpost,snapshot,comp,snapshot,snapshot,snapshot,xpost,spartan,gold,snapshot,snapshot,enhanced,snapshot,snapshot,thread,stumbled,doe,edition,snapshot,snapshot,mixed,oc,snapshot,energy,sc,mf,edition,snapshot,xpost,snapshot,oc,snapshot
86,multi,nfj,pimco,lending,priced,nfj,nfj,stumbled,nfj,frontier,nfj,nfj,ppo,freedom,frontier,nfj,pt,nfj,nfj,priced,nfj,version,nfj,natural,nfj,nfj,nfj,prudential,ref,nfj,nfj,nfj,trp,nfj,questionhi,questioni,nfj,nfj,nfj,nfj,nfj,version,frontier,acct,nfj,nfj,ind,nfj,nfj,gold,doe,discovery,john,nfj,questioni,chip,orientation,energy,nfj,questioni,perkins,nfj,frontier,chip,questionhi,nfj,perkins,nfj,aggregate,nfj,doe,nfj,nfj,nfj,tracker,sh,questioni,nfj,nfj,doe,nfj,nfj,cref,calculator,ir,questionhi,nfj,nfj,advicehello,tracker,nfj,john,interactive,stumbled,ind,nfj,acct,nfj,ref,nfj
87,calculator,jpm,cref,t4,depot,jpm,jpm,gold,jpm,xpost,jpm,jpm,cnn,edition,journey,jpm,extended,jpm,jpm,perkins,jpm,vice,jpm,co,jpm,jpm,jpm,ticker,frontier,jpm,jpm,jpm,columbia,jpm,gold,chip,jpm,jpm,jpm,jpm,jpm,vice,xpost,ind,jpm,jpm,frontier,jpm,jpm,spartan,acct,lurker,op,jpm,ref,xpost,multi,news,jpm,chip,thrift,jpm,ref,frontier,gold,jpm,xpost,jpm,tracker,jpm,pt,jpm,jpm,jpm,sr,formatting,ref,jpm,jpm,t4,jpm,jpm,bragging,sh,maturity,gold,jpm,jpm,perkins,xpost,jpm,sharing,edition,gold,frontier,jpm,unlimited,jpm,tracker,jpm
88,quote,cox,admiral,priced,asp,cox,cox,sh,cox,victory,cox,cox,inst,trp,pacific,cox,orientation,cox,cox,wisdom,cox,energy,cox,morningstar,cox,cox,cox,cnn,ind,cox,cox,cox,freedom,cox,brag,xpost,cox,cox,cox,cox,cox,energy,victory,frontier,cox,cox,brag,cox,cox,bal,sc,dl,certified,cox,chip,victory,venture,helpi,cox,xpost,frontier,cox,chip,ref,brag,cox,gi,cox,hill,cox,certified,cox,cox,cox,aggregate,calculator,chip,cox,cox,sc,cox,cox,admiral,gold,columbia,brag,cox,cox,mf,buffalo,cox,earnest,f1,sh,brag,cox,frontier,cox,formerly,cox
89,digit,smallcap,journey,v,xpost,smallcap,smallcap,calculator,smallcap,brag,smallcap,smallcap,mixed,resp,xpost,smallcap,venture,smallcap,smallcap,thumb,smallcap,comp,smallcap,discovery,smallcap,smallcap,smallcap,thursday,harbor,smallcap,smallcap,smallcap,gold,smallcap,resp,victory,smallcap,smallcap,smallcap,smallcap,smallcap,comp,brag,unlimited,smallcap,smallcap,div,smallcap,smallcap,cnn,lifetime,sr,exp,smallcap,victory,ref,priced,sr,smallcap,victory,sc,smallcap,harbor,unlimited,resp,smallcap,ir,smallcap,sr,smallcap,chrome,smallcap,smallcap,smallcap,hill,explorer,victory,smallcap,smallcap,sm,smallcap,smallcap,rowe,certified,interactive,resp,smallcap,smallcap,discovery,sr,smallcap,sr,aggregate,calculator,div,smallcap,ind,smallcap,maturity,smallcap
90,lt,tiaa,rowe,oc,chrome,tiaa,tiaa,cnn,tiaa,ref,tiaa,tiaa,edu,gold,edition,tiaa,et,tiaa,tiaa,cnn,tiaa,dl,tiaa,lifetime,tiaa,tiaa,tiaa,bragging,ir,tiaa,tiaa,tiaa,resp,tiaa,ind,harbor,tiaa,tiaa,tiaa,tiaa,tiaa,dl,ref,columbia,tiaa,tiaa,harbor,tiaa,tiaa,sh,ticker,op,perkins,tiaa,harbor,brag,dodge,continuation,tiaa,harbor,chrome,tiaa,maturity,maturity,ind,tiaa,unlimited,tiaa,jul,tiaa,barclays,tiaa,tiaa,tiaa,jul,gold,harbor,tiaa,tiaa,acct,tiaa,tiaa,fid,cnn,auth,ind,tiaa,tiaa,helpi,hill,tiaa,version,lifetime,cnn,harbor,tiaa,iv,tiaa,journey,tiaa
91,century,unbury,sh,provides,t4,unbury,unbury,helpi,unbury,unlimited,unbury,unbury,sh,xpost,perkins,unbury,northwestern,unbury,unbury,ramsey,unbury,continuation,unbury,fid,unbury,unbury,unbury,oc,maturity,unbury,unbury,unbury,xpost,unbury,cnn,iv,unbury,unbury,unbury,unbury,unbury,continuation,unlimited,iv,unbury,unbury,ir,unbury,unbury,stumbled,enhanced,admiral,earnest,unbury,div,unlimited,century,version,unbury,iv,jsp,unbury,ir,harbor,cnn,unbury,gold,unbury,yahoo,unbury,xpost,unbury,unbury,unbury,yahoo,cnn,div,unbury,unbury,ticker,unbury,unbury,re,energy,lake,cnn,unbury,unbury,inst,jul,unbury,continuation,xpost,helpi,ir,unbury,columbia,unbury,edition,unbury
92,extended,ticker,re,thursday,cnn,ticker,ticker,spartan,ticker,iv,ticker,ticker,formatting,columbia,american,ticker,formerly,ticker,ticker,calculator,ticker,hide,ticker,eagle,ticker,ticker,ticker,questioni,div,ticker,ticker,ticker,bragging,ticker,morningstar,unlimited,ticker,ticker,ticker,ticker,ticker,hide,iv,gi,ticker,ticker,maturity,ticker,ticker,calculator,reg,mf,advicehello,ticker,unlimited,iv,sam,john,ticker,unlimited,axa,ticker,ind,ir,morningstar,ticker,iv,ticker,buffalo,ticker,priced,ticker,ticker,ticker,ref,ppo,unlimited,ticker,ticker,jun,ticker,ticker,discovery,ticker,gold,morningstar,ticker,ticker,admiral,yahoo,ticker,401k,class,spartan,maturity,ticker,gi,ticker,jul,ticker
93,orientation,emerging,sr,fr,quote,emerging,emerging,bal,emerging,harbor,emerging,emerging,fid,arrival,axa,emerging,depot,emerging,emerging,fargo,emerging,earnest,emerging,bragging,emerging,emerging,emerging,energy,chip,emerging,emerging,emerging,cnn,emerging,freedom,brag,emerging,emerging,emerging,emerging,emerging,earnest,harbor,ref,emerging,emerging,chip,emerging,emerging,edu,journey,versa,energy,emerging,sec,harbor,news,sm,emerging,brag,ger,emerging,unlimited,gi,freedom,emerging,brag,emerging,questionsi,emerging,mixed,emerging,emerging,emerging,questionsi,cref,sec,emerging,emerging,pacific,emerging,emerging,columbia,mf,sc,freedom,emerging,emerging,harbor,ref,emerging,core,doe,bal,chip,emerging,co,emerging,gold,emerging
94,sam,ee,fid,certified,acct,ee,ee,energy,ee,gi,ee,ee,calculator,lending,chrome,ee,ed,ee,ee,versa,ee,lurker,ee,lending,ee,ee,ee,gt,unlimited,ee,ee,ee,lending,ee,xpost,ir,ee,ee,ee,ee,ee,lurker,gi,co,ee,ee,unlimited,ee,ee,helpi,thrift,rowe,spartan,ee,ir,ir,public,poster,ee,ir,american,ee,iv,iv,xpost,ee,thursday,ee,ref,ee,steer,ee,ee,ee,buffalo,inst,ir,ee,ee,lifetime,ee,ee,sr,spartan,f1,xpost,ee,ee,rowe,enhanced,ee,news,thrift,energy,unlimited,ee,ref,ee,natural,ee
95,ii,sm,discovery,tracker,rated,sm,sm,certified,sm,maturity,sm,sm,stumbled,cnn,west,sm,ramsey,sm,sm,rated,sm,et,sm,r,sm,sm,sm,pr,iv,sm,sm,sm,arrival,sm,acct,div,sm,sm,sm,sm,sm,et,maturity,harbor,sm,sm,iv,sm,sm,inst,div,provides,voya,sm,brag,maturity,cross,northwestern,sm,div,chip,sm,div,questioni,acct,sm,frontier,sm,enhanced,sm,cox,sm,sm,sm,maturity,helpi,brag,sm,sm,efficiency,sm,sm,sh,provides,t4,acct,sm,sm,pimco,questionsi,sm,helpi,pacific,certified,iv,sm,maturity,sm,questionhello,sm
96,pr,ftse,brag,pt,instant,ftse,ftse,edu,ftse,ir,ftse,ftse,cref,co,eagle,ftse,anybody,ftse,ftse,pt,ftse,sharing,ftse,sh,ftse,ftse,ftse,exp,gi,ftse,ftse,ftse,acct,ftse,lending,maturity,ftse,ftse,ftse,ftse,ftse,sharing,ir,maturity,ftse,ftse,f1,ftse,ftse,energy,edition,version,news,ftse,maturity,gi,maturity,401k,ftse,maturity,gold,ftse,gi,ind,lending,ftse,lifetime,ftse,maturity,ftse,mar,ftse,ftse,ftse,gb,franklin,maturity,ftse,ftse,delaware,ftse,ftse,eagle,bal,div,lending,ftse,ftse,cref,maturity,ftse,perkins,maturity,edu,f1,ftse,harbor,ftse,ttl,ftse
97,horizon,invs,columbia,milestone,pr,invs,invs,formerly,invs,co,invs,invs,franklin,acct,sec,invs,john,invs,invs,sharing,invs,northwestern,invs,lt,invs,invs,invs,freedom,questioni,invs,invs,invs,john,invs,john,sec,invs,invs,invs,invs,invs,northwestern,co,ir,invs,invs,questioni,invs,invs,cref,efficiency,cref,prudential,invs,iv,div,earnest,cross,invs,sec,eagle,invs,questioni,priced,john,invs,cnn,invs,gb,invs,v,invs,invs,invs,enhanced,admiral,iv,invs,invs,div,invs,invs,morningstar,depot,blue,john,invs,invs,versa,gb,invs,northwestern,exp,formerly,questioni,invs,ir,invs,yahoo,invs
98,t4,contrafund,lt,steer,digit,contrafund,contrafund,depot,contrafund,sec,contrafund,contrafund,asp,john,thrift,contrafund,fargo,contrafund,contrafund,cox,contrafund,certified,contrafund,barclays,contrafund,contrafund,contrafund,steer,f1,contrafund,contrafund,contrafund,co,contrafund,arrival,gi,contrafund,contrafund,contrafund,contrafund,contrafund,certified,sec,thursday,contrafund,contrafund,gi,contrafund,contrafund,fid,narrowed,energy,sharing,contrafund,shtml,sec,401k,rated,contrafund,gi,sec,contrafund,priced,div,arrival,contrafund,chrome,contrafund,formerly,contrafund,acct,contrafund,contrafund,contrafund,formerly,ref,shtml,contrafund,contrafund,journey,contrafund,contrafund,lt,formerly,newly,arrival,contrafund,contrafund,provides,interactive,contrafund,poster,mar,depot,gi,contrafund,thursday,contrafund,questionsi,contrafund
99,doe,w4,eagle,energy,questionhi,w4,w4,provides,w4,div,w4,w4,ref,priced,trp,w4,dl,w4,w4,edition,w4,blah,w4,ref,w4,w4,w4,certified,priced,w4,w4,w4,morningstar,w4,div,co,w4,w4,w4,w4,w4,blah,div,sec,w4,w4,sc,w4,w4,formerly,jun,poster,fid,w4,gi,co,coin,perkins,w4,co,gi,w4,f1,thursday,div,w4,axa,w4,interactive,w4,fr,w4,w4,w4,interactive,lt,gi,w4,w4,yahoo,w4,w4,r,edu,mar,div,w4,w4,franklin,davis,w4,cross,est,provides,sc,w4,t4,w4,gt,w4
